{"accuracy": 0.6325, "precision": 0.6304870203675421, "recall": 0.6325, "f1_score": 0.6307837950933565}